layer,projection,output_dimension,input_dimension,input_basis_columns,input_completion_dimension,analysis_dtype,update_norm,relative_update_rlvr,nss_rlvr,relative_update_sft,nss_sft,relative_svd_reconstruction_error,min_input_overlap_k10,min_output_overlap_k10,min_input_overlap_k16,min_output_overlap_k16,min_input_overlap_k32,min_output_overlap_k32,min_input_overlap_k64,min_output_overlap_k64,min_input_overlap_k128,min_output_overlap_k128,has_nonzero_update,represented_input_energy_fraction,input_completion_energy_fraction,direction_accounting_total,head_16_update_energy,head_16_uniform_reference,head_64_update_energy,head_64_uniform_reference,head_128_update_energy,head_128_uniform_reference,rank_1_retained_energy,rank_1_relative_error,rank_8_retained_energy,rank_8_relative_error,rank_16_retained_energy,rank_16_relative_error,rank_64_retained_energy,rank_64_relative_error,rank_128_retained_energy,rank_128_relative_error,equal_fraction_common_bf16,bf16_update_norm,bf16_relative_update,bf16_nss,bf16_update_norm_ratio
0,q,1536,1536,1536,0,float64,0.06451691256024586,0.0007919624333643675,4.064411659044129e-05,0.10100001700423573,0.026196277274707545,4.6587032658259594e-15,0.999999412900887,0.9999992044196867,0.9999994932478447,0.9999992288689792,0.9999949157725316,0.9999948114837495,0.9999809871123935,0.9999810826626122,0.9999622289273409,0.9999618304987598,True,1.0000000000007314,2.4834290801666812e-29,1.0000000000007314,0.20155249439407866,0.010416666666666666,0.27161012495768927,0.041666666666666664,0.3322942203290019,0.08333333333333333,0.18114424014389044,0.9049064923273065,0.3646165778217932,0.7971094166914645,0.470793131501123,0.7274660600322719,0.7051075367231622,0.5430400199587851,0.8165811864199474,0.42827422707892737,0.7332793341742622,0.05375143021100646,0.0006598132455109757,1.685072610622239e-05,0.8331370500845557
0,k,256,1536,256,1280,float64,0.027989644963423953,0.0007227586761159627,3.36854260288497e-05,0.09447889603688185,0.02127549493494464,3.266997975069572e-15,0.9999969790201634,0.9999969375611502,0.9999923783091534,0.9999924625530572,0.9999435178823926,0.9999435466000213,0.9999870407996873,0.9999870415221405,0.9999641867297323,0.9999645941395581,True,0.423613983572521,0.5763860164275149,1.000000000000036,0.05493989423447354,0.010416666666666666,0.1135348382063797,0.041666666666666664,0.21593034130552952,0.08333333333333333,0.180457530760917,0.9052858494636282,0.5190331841830977,0.6935177112496135,0.6295462481275403,0.6086491204893503,0.860036395280791,0.3741171002763827,0.9566484002201517,0.20821046990929218,0.7923304239908854,0.021586599069514607,0.0005574169227839995,1.9388124014370673e-05,0.7712351870744821
0,v,256,1536,256,1280,float64,0.03185603488025762,0.001648509299760853,7.044205336228943e-05,0.09930963524125713,0.041171200002700296,3.2293121060660363e-15,0.9964610429429244,0.9964637289459225,0.9999272919437016,0.9999286934925856,0.9999773141739284,0.999978812650855,0.9999498961367517,0.9999514952637633,0.9997605339930774,0.9997613255180194,True,0.26595944961342166,0.7340405503866329,1.0000000000000546,0.026517741178380294,0.010416666666666666,0.06647510843340587,0.041666666666666664,0.11474525800137278,0.08333333333333333,0.19195088649395164,0.8989155207838211,0.4127853165580891,0.766299343234686,0.5238230348848054,0.6900557695688042,0.7679317106932213,0.48173466691403755,0.901799023994011,0.31337034959611126,0.642822265625,0.03055521301094297,0.0015811934220328787,5.843567256890986e-05,0.9591656063221848
1,q,1536,1536,1536,0,float64,0.06872582422133462,0.0010990150355591158,3.436232680157455e-05,0.14432570487200516,0.026204835402996295,5.238511009724259e-15,0.9999994783408089,0.9999988735374055,0.9999951046432298,0.9999952469189437,0.9999916067559085,0.9999914773135746,0.9999795976484968,0.9999794474141307,0.999955760017891,0.9999561431216231,True,1.0000000000008105,2.7615833812921286e-29,1.0000000000008105,0.06613205621124174,0.010416666666666666,0.17350994174765252,0.041666666666666664,0.2687305115516307,0.08333333333333333,0.06398050855362547,0.9674810031449581,0.26058434263578323,0.8598928173698259,0.38509484637554375,0.7841588828958429,0.6689900188745198,0.5753346688019767,0.7980225580267571,0.44941900490882986,0.7278705173068576,0.05960525832213789,0.00095316536158877,2.5985370252180995e-05,0.8672905563151408
1,k,256,1536,256,1280,float64,0.029113787233839842,0.0008655450539879717,4.274502527084554e-05,0.108508332798731,0.024451287981335296,3.0988620943416148e-15,0.9999968995721,0.9999969306789552,0.9999725234151351,0.9999727097779245,0.9999824966055395,0.9999822544881907,0.9999776050247645,0.9999774284174143,0.9999224165471534,0.9999223161600332,True,0.40125849919170187,0.5987415008083321,1.000000000000034,0.07879992733301146,0.010416666666666666,0.19730507851792561,0.041666666666666664,0.28888035597621897,0.08333333333333333,0.11407033848013592,0.9412383659413083,0.4258846830800708,0.7577039771044686,0.5763125600155432,0.6509127744824623,0.8525612611927029,0.38397752383088396,0.9511451860786827,0.2210312510060903,0.7676900227864584,0.02349023231383026,0.0006983582806647661,2.4428418121084814e-05,0.8068422058991641
1,v,256,1536,256,1280,float64,0.03185134823769972,0.0016105917315159715,7.076795395182337e-05,0.12757152809229738,0.03879963410495933,3.3678040065527414e-15,0.9998057038296141,0.9998061569480134,0.9999305737163637,0.9999317652759091,0.9998620799113457,0.9998583191323914,0.9997616536923588,0.9997658865988269,0.9996714329673657,0.9996727594797727,True,0.35879553179335044,0.6412044682067093,1.0000000000000597,0.03914461264957396,0.010416666666666666,0.11219164277268234,0.041666666666666664,0.19117569435938087,0.08333333333333333,0.17078281490166086,0.9106136310743098,0.4385235551533823,0.7493173191956913,0.5459289677813195,0.6738479295944156,0.8020535941390736,0.44491168321468744,0.9226896253473181,0.2780474323792289,0.6484629313151041,0.030442305257036274,0.0015393422209121759,5.810617817441802e-05,0.9557619046406429
2,q,1536,1536,1536,0,float64,0.06891512751386501,0.001104647381925691,3.353986630219668e-05,0.15816488344671867,0.02514289754876005,5.468037631515446e-15,0.999996647017061,0.999995380836272,0.9999952353315851,0.9999953849599089,0.9999943033907919,0.9999941213166229,0.9999668489380031,0.9999667608778057,0.9997434120435583,0.999743168024917,True,1.0000000000008447,2.8297753875716e-29,1.0000000000008447,0.08255512490256675,0.010416666666666666,0.18114670328394444,0.041666666666666664,0.2712346195907598,0.08333333333333333,0.06913611875342303,0.9648128736944678,0.22160284968613167,0.8822681850287181,0.32053253068758597,0.8242981677235575,0.5849386491101414,0.6442525521019367,0.7267236629359687,0.5227583926289766,0.7257372538248698,0.060141085591088266,0.0009640073978096983,2.5840453562182183e-05,0.8726833680890818
2,k,256,1536,256,1280,float64,0.028226014625784973,0.0009419782336366574,3.590096152753818e-05,0.1210288110326581,0.02799503430306211,3.117509144998044e-15,0.9999263866072513,0.9999262605761831,0.999975773256234,0.9999756521306793,0.9999901321120674,0.9999901112894825,0.9999728038599881,0.9999730711018346,0.99998295129199,0.9999832805345709,True,0.3409381961452823,0.6590618038547534,1.0000000000000357,0.05463138360311615,0.010416666666666666,0.1552021944202767,0.041666666666666664,0.2338329892571932,0.08333333333333333,0.05869874255291089,0.9702068116886673,0.28538511400025,0.8453489729098569,0.4161722290500725,0.7640862326661354,0.7488298614630231,0.5011687725078019,0.907754384420533,0.30371963318077905,0.7442830403645834,0.023720109748893794,0.0007916040354673077,2.4769151985117477e-05,0.8403634045886537
2,v,256,1536,256,1280,float64,0.030998436738611284,0.0015851728596901302,5.186811895108498e-05,0.12209041255858041,0.04903329915913061,3.3678983229226082e-15,0.9999308431350583,0.9999320785900221,0.9998311685787507,0.9998312237572138,0.999944897145441,0.999947324510859,0.9998282662992495,0.9998288147730505,0.9959857640602197,0.995988168408573,True,0.23537948431693417,0.7646205156831242,1.0000000000000584,0.01828227672282789,0.010416666666666666,0.06498603651410809,0.041666666666666664,0.1242540208278679,0.08333333333333333,0.1938888002443986,0.8978369561092935,0.439562103407925,0.7486240021479909,0.5466528489344299,0.6733105903411665,0.7981006651899613,0.44933209857525064,0.9189922201752265,0.2846186568459163,0.654937744140625,0.02943327482106004,0.001505134881851318,4.481251854431539e-05,0.9495083597037751
3,q,1536,1536,1536,0,float64,0.07153194343344986,0.0011192993866738568,3.0034186564471934e-05,0.15682266220177105,0.02679771154089392,5.565516351318613e-15,0.9999983669064559,0.9999981139908766,0.9999855497002789,0.9999853428744299,0.9999908296781581,0.9999907438929836,0.9999804094059983,0.9999801614451636,0.9998427272970632,0.9998422143653833,True,1.0000000000009366,2.9553349974791874e-29,1.0000000000009366,0.04571889529925245,0.010416666666666666,0.10949316578665405,0.041666666666666664,0.17441500815773478,0.08333333333333333,0.05913543340285125,0.9699817351873945,0.222339175774952,0.8818507947635178,0.3129853362571328,0.8288634771437737,0.5477804864574319,0.6724726860940659,0.6867489431597321,0.5596883568918223,0.7298185560438368,0.06241382157849872,0.0009766231540707343,2.5860814819699766e-05,0.8725307685309258
3,k,256,1536,256,1280,float64,0.030156049981368935,0.0010306301190370472,3.361519637494292e-05,0.1374359554043841,0.027543270763784423,3.300588473320776e-15,0.9999762938186408,0.9999770849202648,0.9999924521585677,0.9999931225869847,0.9999882882423333,0.9999885350573849,0.9978588778889488,0.9978588721305004,0.9999512165392708,0.9999515441422179,True,0.27023162020313796,0.7297683797968809,1.0000000000000189,0.031177888229212858,0.010416666666666666,0.09713583792981548,0.041666666666666664,0.16536959757080305,0.08333333333333333,0.08351362354571604,0.9573329496336601,0.33613095985686786,0.8147815904542347,0.460774939614387,0.7343194539065495,0.7630516461860181,0.4867734111616841,0.9110409761426218,0.29825999372590717,0.7373046875,0.025696788926343635,0.0008782279060549952,2.6430673642870967e-05,0.852127150015326
3,v,256,1536,256,1280,float64,0.03228106151694839,0.0014081701041834727,4.1895202439506826e-05,0.12836934415386841,0.052001595893934265,3.2703569090561014e-15,0.9999524428034785,0.9999524426956407,0.9999740326276643,0.9999744178277059,0.9998268202216493,0.9998282103632918,0.9999412281823356,0.9999419584561008,0.9999308695886742,0.9999314315420695,True,0.22164246868161164,0.7783575313184294,1.000000000000041,0.018712495575849752,0.010416666666666666,0.061176981066321946,0.041666666666666664,0.11513467309805211,0.08333333333333333,0.17226224403684604,0.9098009430436715,0.46347460537572865,0.732478938007279,0.554336822341064,0.6675800908197728,0.7781164199698705,0.4710451995617082,0.904612267021746,0.3088490456165503,0.6861852010091146,0.02979139081552968,0.0012995652539632082,3.594416667397503e-05,0.922875191074136
4,q,1536,1536,1536,0,float64,0.06992462236383881,0.0011247291859488168,2.914839100244175e-05,0.16616986680218232,0.023934380484280492,5.531558939285e-15,0.9999984506298315,0.9999976829488905,0.9999973887035294,0.9999971368365185,0.9999935753423039,0.9999931180541657,0.9999741365034364,0.9999738368310628,0.9999496469266033,0.9999496363030215,True,1.000000000000941,2.985908704274235e-29,1.000000000000941,0.04214938092814326,0.010416666666666666,0.10988694726427023,0.041666666666666664,0.17502764344836377,0.08333333333333333,0.062078948083738275,0.968463242418762,0.1941583546574092,0.8976868303270304,0.2795645070145314,0.8487847153345003,0.5120679791489298,0.6985213102340331,0.6539138809107317,0.5882908456616237,0.7302534315321181,0.060956601740156525,0.000980479647021559,2.4569961670171543e-05,0.871747314171838
4,k,256,1536,256,1280,float64,0.028316231520298427,0.0010215914200330514,3.6029695900822045e-05,0.140320370596295,0.022735580566638994,3.2296685541744884e-15,0.9999930956259506,0.9999933073222675,0.9998842216054749,0.999884776522816,0.9981414172912837,0.9981413994166493,0.9999882094818533,0.9999885736060062,0.9999702689975508,0.9999707824941212,True,0.25208064694385723,0.7479193530561813,1.0000000000000386,0.02860645141117283,0.010416666666666666,0.08862971759955386,0.041666666666666664,0.1527761355766311,0.08333333333333333,0.07283159146316046,0.962895845113499,0.32699158508051057,0.8203709008244316,0.4454630006113958,0.7446724107878606,0.7475939511055177,0.5024002875143309,0.8993857840478283,0.31719744001516104,0.743499755859375,0.024026388430376768,0.0008668227005157498,2.4572466881807844e-05,0.8485023303031516
4,v,256,1536,256,1280,float64,0.030575805776859973,0.0012794117254250835,3.636125380826767e-05,0.1172741056712465,0.05253842100497002,3.3295437139202587e-15,0.9999480662822051,0.9999488607859239,0.999958491367413,0.9999586441742975,0.9997465177630902,0.9997467318342408,0.9998093209892889,0.9998112316481761,0.9997872914659232,0.9997875189511696,True,0.19291603681677172,0.8070839631832764,1.000000000000048,0.012398207809203487,0.010416666666666666,0.045801180546829794,0.041666666666666664,0.09285889918839013,0.08333333333333333,0.12700075383222434,0.934344286742192,0.367503164134078,0.7952966967528043,0.4723589137507049,0.7263890736026355,0.7281905297427483,0.5213534983648347,0.877879170176979,0.3494579085140598,0.7100931803385416,0.027448634067238378,0.001148558586773365,3.076173873686493e-05,0.8977239804424626
5,q,1536,1536,1536,0,float64,0.08296776302708078,0.001393648483159818,3.753731782521373e-05,0.16122840073357433,0.02552839678991959,5.504810631264433e-15,0.9999897993381387,0.999989782457953,0.9999811922239691,0.9999795670580287,0.9999484577034708,0.9999477129626861,0.9999649844900321,0.9999629416305291,0.9999533263717878,0.9999508130896956,True,1.000000000001553,2.895296152509243e-29,1.000000000001553,0.04814446243312133,0.010416666666666666,0.11683557054333017,0.041666666666666664,0.18216680350596148,0.08333333333333333,0.26787102784630873,0.8556453541939506,0.4344872185345622,0.752005838717651,0.49944255260238435,0.7075008462168901,0.6598744559205495,0.5832028327086988,0.7584649003226411,0.4914622057466463,0.6748542785644531,0.07808482494631082,0.0013116274788402586,3.368845261567703e-05,0.9411465621993911
5,k,256,1536,256,1280,float64,0.037601541894010285,0.0014705979776907727,5.694391018723596e-05,0.14573611259756095,0.02234278035647293,3.2507053365897464e-15,0.9999537039701799,0.9999548230301891,0.9999755985039424,0.9999761189463163,0.9999620336024777,0.9999632280007623,0.9999533579708296,0.9999538457141579,0.9999629877006185,0.9999627506688572,True,0.26262780571811745,0.737372194282031,1.0000000000001485,0.026410966673656056,0.010416666666666666,0.0900165887071448,0.041666666666666664,0.15456113025684132,0.08333333333333333,0.27217417141050604,0.8531270881817632,0.5739836090171005,0.6526993113087369,0.6732805321664768,0.5715937961818018,0.8495765810407349,0.3878445809332201,0.9413933323314007,0.24208814028902642,0.6370976765950521,0.03621367870267403,0.0014163185864827308,4.174745082928932e-05,0.9630902584992842
5,v,256,1536,256,1280,float64,0.034596508711500926,0.0013481703855585856,4.421218421104887e-05,0.11356638261760542,0.048917204891751206,3.427619100078863e-15,0.9999583724396844,0.9999596402679957,0.9998872542190018,0.9998881427445379,0.9999656665858414,0.9999701539290043,0.999858924132527,0.9998617862234337,0.9997799041212495,0.9997793674875952,True,0.24701612505677537,0.7529838749433191,1.0000000000000944,0.01350758909984884,0.010416666666666666,0.05327698706236237,0.041666666666666664,0.11452286966350964,0.08333333333333333,0.14895645744041408,0.9225202125479885,0.4645843955523618,0.7317209881147582,0.5475696792381032,0.6726294081899012,0.7607750234716465,0.489106303913938,0.8918923029139993,0.3287973495726519,0.6818974812825521,0.031652248097309724,0.001233437277645313,3.490653537318013e-05,0.9148971753553722
6,q,1536,1536,1536,0,float64,0.06955644092816925,0.0011605796387554599,3.715191138122137e-05,0.17054568709222753,0.02653430349595811,5.457007464436022e-15,0.9999975573650215,0.999997323063967,0.9999757307053988,0.9999758806042773,0.999995067875169,0.9999948317233278,0.999992745678516,0.9999927645064751,0.9999669902345671,0.9999669009406152,True,1.0000000000010358,2.930118077188363e-29,1.0000000000010358,0.04340335597431954,0.010416666666666666,0.1032604355350861,0.041666666666666664,0.16213365639595007,0.08333333333333333,0.046685721261085465,0.9763781433127815,0.193915070545912,0.8978223262172131,0.28524513434902576,0.8454317628590579,0.5036795384702895,0.7045001501275288,0.6412594760755367,0.5989495170082896,0.7017033894856771,0.06217414304099405,0.00103740276971567,2.835230752609923e-05,0.8938660778403128
6,k,256,1536,256,1280,float64,0.029154668099460976,0.0010723382749391731,3.869225331392176e-05,0.15580637147504067,0.024053258523365345,3.1508777267947505e-15,0.9999966565443449,0.9999966710963016,0.9999627351148787,0.9999629014300867,0.9999767640128122,0.9999769542830559,0.9999647039443482,0.9999652570655617,0.9999566160166127,0.9999573491456777,True,0.2592559845650583,0.7407440154349764,1.0000000000000346,0.03349550605576202,0.010416666666666666,0.09499488371728032,0.041666666666666664,0.1546972763290509,0.08333333333333333,0.08436621425205375,0.9568875512556041,0.3394152915194123,0.8127636239895261,0.4499402693192148,0.7416601180330415,0.7357547204891529,0.5140479350321787,0.8963670413930634,0.3219207334219661,0.7185084025065104,0.02542233208853692,0.0009350591693841469,2.9917213604658787e-05,0.8719815297436687
6,v,256,1536,256,1280,float64,0.03293722842733718,0.0013489589227091263,4.541818742524851e-05,0.12203831802595426,0.04707684090099796,3.306393555144035e-15,0.9999455908622111,0.9999452154308522,0.9998749832530014,0.9998753208890623,0.9999738152257881,0.9999746480313155,0.9999305326026833,0.9999311615868588,0.9996748913079039,0.9996761109945225,True,0.2597093409881184,0.7402906590119389,1.0000000000000573,0.02208546751803859,0.010416666666666666,0.06641212710649436,0.041666666666666664,0.11930897334887727,0.08333333333333333,0.23569501647078187,0.8742453794726159,0.4332783801610602,0.7528091523347333,0.5136069021618558,0.6974188826223049,0.7501678331247887,0.49983213869779447,0.890630374048512,0.33071078898561507,0.6823654174804688,0.03011495167099248,0.001233371315779033,3.596814051725588e-05,0.9143134716823268
7,q,1536,1536,1536,0,float64,0.07119086445099136,0.0011729726562885558,3.361953591826075e-05,0.17522755854798142,0.023286863968909336,5.521270146591593e-15,0.9999951679032314,0.9999949145239494,0.9999904813275013,0.9999903879406057,0.9999839608859851,0.9999836631938029,0.9999921844688943,0.9999924292828536,0.999412904447693,0.9994128622906496,True,1.000000000001104,2.946987200787965e-29,1.000000000001104,0.04287960175555687,0.010416666666666666,0.11179564082233953,0.041666666666666664,0.1770962544025078,0.08333333333333333,0.043358363986568095,0.9780805876886791,0.20471425652427855,0.8917879475950107,0.2871048195299485,0.84433120306551,0.5160216819970717,0.695685502222756,0.6614103909807425,0.5818845323767057,0.713409423828125,0.0631759142089568,0.0010409147363866016,2.7798113953464856e-05,0.8874160286738455
7,k,256,1536,256,1280,float64,0.02963675485179172,0.0011007850000322775,3.8698803288014185e-05,0.15718478222965837,0.01923942720136098,3.242104443843464e-15,0.9999908578216593,0.9999908830397093,0.9999925643743428,0.9999926610435746,0.9999929424248416,0.9999928437777456,0.9999922785996859,0.9999926014562271,0.9999733277369212,0.9999735976106683,True,0.28077522370381247,0.7192247762962305,1.000000000000043,0.040440339801555064,0.010416666666666666,0.11487999588643802,0.041666666666666664,0.18379455480907994,0.08333333333333333,0.08657287311086034,0.9557338159179781,0.3489797766129479,0.8068582424360875,0.4676299248752036,0.729636947477851,0.7519880842567596,0.49800794746995797,0.9053933964683756,0.30758186476387783,0.7176717122395834,0.025994987445549185,0.0009655204289128833,2.7549598170379924e-05,0.8771198997847645
7,v,256,1536,256,1280,float64,0.03122202746280265,0.0012760814322097709,4.232155925900819e-05,0.11915972255063134,0.05022953839740825,3.287571879337746e-15,0.9999902459591152,0.9999905442192227,0.9999611748801266,0.9999614765125083,0.9999606020008528,0.99996099803134,0.9999589380169899,0.999959438759037,0.9988723395905511,0.998871688702309,True,0.2763679821393159,0.7236320178607242,1.00000000000004,0.015107521375987996,0.010416666666666666,0.06504959544835308,0.041666666666666664,0.13660650380821993,0.08333333333333333,0.12326471409181804,0.936341436607492,0.2943248110916358,0.8400447541103773,0.3928115282938901,0.7792229922853341,0.6821904502523567,0.5637459975446772,0.8614590357835321,0.3722109136181634,0.7002639770507812,0.028320893856637493,0.0011575086479279773,3.472046147941041e-05,0.9070805504344164
8,q,1536,1536,1536,0,float64,0.07022325178941244,0.0011562103883757298,3.066847513300262e-05,0.17158343537240772,0.02627489625913664,5.417280150522681e-15,0.9999923200668092,0.9999916042173307,0.9999798125079447,0.9999794428079676,0.9999939989117081,0.9999938699961461,0.999992405572158,0.9999923100212758,0.9999621068129835,0.9999621080740447,True,1.0000000000010296,2.8919454455777596e-29,1.0000000000010296,0.056251855686818605,0.010416666666666666,0.14521492157938903,0.041666666666666664,0.2143232835138561,0.08333333333333333,0.06323207113896585,0.9678677228118696,0.21667674894477112,0.8850555073300368,0.2982588873982557,0.8376998941158726,0.5205231682124838,0.6924426559560843,0.6607250997412846,0.5824730897292298,0.7035759819878472,0.06288442639867416,0.0010353782431954848,2.6478951655986026e-05,0.8954929428112192
8,k,256,1536,256,1280,float64,0.028275138267774648,0.0010975887929128708,3.834268024651969e-05,0.17133878807067704,0.025607059807233032,3.4152164605468784e-15,0.9999926306067496,0.9999926068005863,0.9999963001617549,0.9999962310126388,0.999991704407594,0.9999915506220572,0.999989763835034,0.9999899417535951,0.9999874239873513,0.999988295403627,True,0.29814273026216265,0.7018572697378881,1.0000000000000506,0.054001547119420686,0.010416666666666666,0.13012037917349575,0.041666666666666664,0.20256168405824948,0.08333333333333333,0.08216130230469491,0.9580389854777859,0.2636717492307298,0.8580957118930674,0.3790339501211443,0.7880139909156789,0.6954542148467109,0.5518566708424291,0.8771833458065187,0.3504520711787581,0.7198638916015625,0.024815424136387,0.0009632890621270721,2.6033510165187337e-05,0.8776411242051925
8,v,256,1536,256,1280,float64,0.030769995749717515,0.0012570591524880671,4.426821318235261e-05,0.12168919650263886,0.05374922868539165,3.3698480295754067e-15,0.9889598730022544,0.9889619437410905,0.9999344369270954,0.9999352854658173,0.9998620574920141,0.999863064578283,0.9999158662439187,0.9999184760789412,0.9999432702967072,0.9999437001500172,True,0.28536778964926246,0.7146322103507835,1.000000000000046,0.017337816867156075,0.010416666666666666,0.06596117261529452,0.041666666666666664,0.13512749717768918,0.08333333333333333,0.15394918308236452,0.9198102070088348,0.3328111689832491,0.816816277394587,0.4220129964821726,0.7602545649437611,0.7016436531276085,0.5462200535245768,0.8708901711638029,0.3593185617751985,0.7072423299153646,0.02753792841691884,0.0011250181910527843,3.458408416677856e-05,0.894960423163908
9,q,1536,1536,1536,0,float64,0.07029950584417913,0.0011098185759286085,3.106815070050573e-05,0.16869058012642435,0.023312659986503198,5.465577760207167e-15,0.9999972130972979,0.999997181552071,0.9999960075236236,0.9999958483592177,0.9999024044616535,0.999902362624025,0.9999957713891975,0.9999956342949196,0.9999832804942423,0.9999828782139679,True,1.000000000001009,2.945506237993131e-29,1.000000000001009,0.055631864257571606,0.010416666666666666,0.12315172761147392,0.041666666666666664,0.19033517596955024,0.08333333333333333,0.06149213819968624,0.9687661543428908,0.17071893304270877,0.9106487066686534,0.24688887891666955,0.8678197514941283,0.47566185260837723,0.7241119715842452,0.625788839525391,0.6117280118439967,0.7189509073893229,0.061788578616899154,0.0009754565342359073,2.4606699987139386e-05,0.8789333278366893
9,k,256,1536,256,1280,float64,0.028812824968442015,0.001020275746781722,4.0917236614638244e-05,0.15093198575463262,0.018931224530472288,3.2176334774542862e-15,0.999970903877601,0.9999710544348613,0.9999578180916663,0.9999578746924197,0.9999506445794993,0.9999505634840972,0.9999750720848413,0.9999751761283828,0.9999462839169097,0.9999467488669938,True,0.29302923862394464,0.706970761376098,1.0000000000000426,0.03483752475598381,0.010416666666666666,0.11400879776531074,0.041666666666666664,0.191093976619053,0.08333333333333333,0.06691483624680682,0.965963334580145,0.2685827348133556,0.8552293640811478,0.3854104635025111,0.7839576114162607,0.7003704133901382,0.5473843134488435,0.8807874903475696,0.34527164617505207,0.7200571695963541,0.024973278975812016,0.0008843156089186708,2.422459860112162e-05,0.8667417722199972
9,v,256,1536,256,1280,float64,0.030060774031563275,0.0012937901786045955,3.8170289755000764e-05,0.1314658168654229,0.0620468126232695,3.260899991717703e-15,0.999978606608979,0.9999790403916228,0.9998402424530783,0.9998389664417631,0.9999113773081165,0.9999116979669241,0.9998520409998587,0.9998523946836523,0.9999186710934593,0.9999202386817245,True,0.2501513312447477,0.7498486687552857,1.0000000000000333,0.022970506533930787,0.010416666666666666,0.07148803341431881,0.041666666666666664,0.13514862108271802,0.08333333333333333,0.11282525248027601,0.9418995421592071,0.2737784163144292,0.8521863550219346,0.36451156030802007,0.7971752879335762,0.6607012014457705,0.5824936038740937,0.8490469297978184,0.38852679470299295,0.6985448201497396,0.027210462071399186,0.0011711151730925122,3.0294287791576504e-05,0.9051816843714233
10,q,1536,1536,1536,0,float64,0.0696245850168724,0.0011609916600616734,3.081841642802556e-05,0.18748809834126626,0.023181280722230333,5.420236286401353e-15,0.9999882038968523,0.9999879609756396,0.9999772855624044,0.9999772460481993,0.9999949131363657,0.9999946685099771,0.9999923972350758,0.9999922652668597,0.9999686114978323,0.9999683632856072,True,1.0000000000009093,2.980787893174418e-29,1.0000000000009093,0.044319751195526974,0.010416666666666666,0.11906612163901562,0.041666666666666664,0.1845758368374913,0.08333333333333333,0.036983417423035674,0.9813340830608933,0.15234238851320586,0.9206832308056849,0.2293070071195085,0.8778912192751968,0.4641960995435193,0.7319862706748541,0.619172147267978,0.6171125122147678,0.7143436008029513,0.06197632076376614,0.0010334566663571887,2.584937721325045e-05,0.890149948452076
10,k,256,1536,256,1280,float64,0.0287115491759448,0.001125499135856197,3.6666391831937086e-05,0.17696901576465338,0.020049974534798527,3.185822773660642e-15,0.9999912309720408,0.9999912934450287,0.9999680178070427,0.9999680919184805,0.9999924492024997,0.9999924042532712,0.9999912207212099,0.9999910397981975,0.9999890632582162,0.9999899660913553,True,0.26347715908767716,0.7365228409123625,1.0000000000000397,0.03521857908991352,0.010416666666666666,0.10410827500789682,0.041666666666666664,0.169231931946136,0.08333333333333333,0.07271713427938195,0.9629552771134379,0.26211401135127094,0.8590029037487178,0.37106032940347894,0.7930571672940867,0.6855778048645726,0.5607336222623246,0.8710235599171335,0.3591329003069288,0.7010981241861979,0.025702725595702736,0.0010075525799683866,2.760820277716238e-05,0.895205111998522
10,v,256,1536,256,1280,float64,0.03092828698406928,0.0012403806871612172,3.9616402410028295e-05,0.11931456233744023,0.05081688972472578,3.295167016865784e-15,0.9999319406990399,0.9999324978559028,0.999868334765365,0.9998691263369818,0.9998810778537023,0.9998807778335692,0.9997307191892991,0.999731261301727,0.9998057525244515,0.999806602972569,True,0.2532981373513861,0.7467018626486479,1.000000000000034,0.019647696342379676,0.010416666666666666,0.07068776133122401,0.041666666666666664,0.13734927366129007,0.08333333333333333,0.13076899851411852,0.9323255877030736,0.29781652474832515,0.8379638866035188,0.39175288132492314,0.7799019929933997,0.6757016724492498,0.5694719725770094,0.8547435170251292,0.3811252851423936,0.7044347127278646,0.02772323256225158,0.0011118417995024518,3.3950972568070904e-05,0.8963714212989365
11,q,1536,1536,1536,0,float64,0.06984062104540736,0.0011575383203681542,3.122671920531487e-05,0.19018505142010333,0.022586482392175717,5.53240184650237e-15,0.9999978866653431,0.9999973993618992,0.9999906119824218,0.9999904486688245,0.9999744167118781,0.999974444691672,0.9999888479672268,0.9999887594578419,0.999967434417125,0.9999678733819055,True,1.0000000000009401,3.0583516233465495e-29,1.0000000000009401,0.04826952321045487,0.010416666666666666,0.11934725147723867,0.041666666666666664,0.18677589451591148,0.08333333333333333,0.04271054906208112,0.9784116980790443,0.1730120384550938,0.9093887845937546,0.25021157648493136,0.865903241427741,0.47775712001530085,0.7226637392208767,0.6267675158470605,0.610927560479096,0.7069697909884982,0.0622959080840111,0.0010324922620961858,2.623324481665942e-05,0.8919724245222417
11,k,256,1536,256,1280,float64,0.029035740024430427,0.001066118286810999,3.505311771360256e-05,0.1766654114415991,0.0178059440618338,3.4487072382023628e-15,0.9998974026455281,0.9998976089560322,0.999969421570644,0.9999692809704281,0.999907644784868,0.9999074378807903,0.9999895521803938,0.9999898423647066,0.9999853134962812,0.9999856055209722,True,0.28827437378478704,0.7117256262152496,1.0000000000000366,0.03994054858043019,0.010416666666666666,0.12246747080301268,0.041666666666666664,0.19319172464456064,0.08333333333333333,0.08412336169646227,0.9570144399660528,0.32141142122665756,0.8237648807598819,0.4332579060743091,0.7528227506695655,0.7265070332848076,0.5229655502183603,0.8923066361956904,0.3281666707700671,0.7187449137369791,0.025292535360516767,0.0009286773626218159,2.4916479389949344e-05,0.8710828564808695
11,v,256,1536,256,1280,float64,0.03139656421673208,0.0013526728863750732,4.313754362299668e-05,0.1250360438565967,0.05879109336108679,3.4118787376357523e-15,0.9999632482397903,0.99996329272072,0.9998783852567715,0.9998782574968085,0.999820526137533,0.999818600367944,0.9998043311552455,0.999805344551207,0.9998886782857102,0.9998900881808445,True,0.2629861368481343,0.7370138631519026,1.0000000000000369,0.018258963096302504,0.010416666666666666,0.06887418555832339,0.041666666666666664,0.13118156637182543,0.08333333333333333,0.14203604079945858,0.9262634394169628,0.306082634182723,0.8330170261268836,0.3979950284678164,0.775889793419261,0.6799527978751462,0.565727144589027,0.857362981200012,0.3776731639923441,0.6898523966471354,0.028887340992132013,0.0012445668465438009,3.517434789544326e-05,0.9200796874690246
12,q,1536,1536,1536,0,float64,0.06872058474021032,0.0011406703900009162,2.877222598549252e-05,0.18413542382744907,0.026484288737324866,5.443346069697841e-15,0.9999972302651329,0.9999970506311452,0.9999317784145497,0.9999315930647064,0.9999916932304213,0.9999914756768964,0.999987106132238,0.9999868487626283,0.9999868200443375,0.9999866540102677,True,1.000000000000965,2.8964777456051106e-29,1.000000000000965,0.041190481064831294,0.010416666666666666,0.11492091030204551,0.041666666666666664,0.17852918693200862,0.08333333333333333,0.046417250502041166,0.9765156166175525,0.15751494387181206,0.9178698470525044,0.23132238569629276,0.8767426157679957,0.4584089299108395,0.7359287126408104,0.61208661281936,0.6228269319647634,0.7065764533148872,0.06132511339974971,0.0010179153929348365,2.5771674397460373e-05,0.8923834631440015
12,k,256,1536,256,1280,float64,0.028046971613067084,0.0010850344411615699,3.522263386147693e-05,0.17984833148213597,0.02344649062147927,3.2199152746813165e-15,0.9999935545661923,0.9999935633698904,0.9999266507875718,0.9999266627111197,0.9999807712341466,0.9999808540351964,0.9999826994649065,0.9999826924790748,0.9999920958618872,0.9999929410655873,True,0.27875941752085265,0.7212405824791976,1.0000000000000502,0.028287599400405344,0.010416666666666666,0.1100321013007205,0.041666666666666664,0.1870762237150746,0.08333333333333333,0.060900540055921375,0.9690714421259552,0.25682241138113604,0.8620774841154732,0.36236771799425727,0.7985188050420245,0.6776545751111466,0.5677547224716439,0.8680030776717783,0.36331380696062415,0.6863784790039062,0.02511150200239759,0.0009714718907193818,2.779886390803629e-05,0.895337377198262
12,v,256,1536,256,1280,float64,0.030933225736945638,0.001323135993157739,4.3505091619751625e-05,0.13414222689894711,0.0546192310988461,3.3064909558768047e-15,0.9999674076486792,0.9999686870058013,0.9999460048936529,0.9999461089961856,0.9999586333024201,0.9999591568381755,0.9999632912525185,0.999963864118635,0.999938297625814,0.9999415319735645,True,0.24071384100323504,0.7592861589967986,1.0000000000000338,0.018376229948654402,0.010416666666666666,0.07026754892722877,0.041666666666666664,0.1373844950647223,0.08333333333333333,0.1313895846076601,0.9319927120918596,0.3152710149157228,0.827483525566689,0.4091699628794911,0.7686546930322542,0.6915054126970558,0.5554228905104148,0.864684358977391,0.36785274366600684,0.6921361287434896,0.028130407742397875,0.0012032484197635745,3.373293764970249e-05,0.9093913444920758
13,q,1536,1536,1536,0,float64,0.06987732169241385,0.001122344503510271,3.143875260953956e-05,0.18366854284379666,0.023506058456462604,5.518336134522278e-15,0.9999973639925155,0.9999972152846178,0.9999976986408521,0.9999966683933389,0.9999942707742077,0.9999940622496503,0.9999937958839983,0.9999935487552701,0.9999534936491548,0.9999534779053965,True,1.0000000000008966,2.9106022705873343e-29,1.0000000000008966,0.05992912479836658,0.010416666666666666,0.1314955130800095,0.041666666666666664,0.19959848454009949,0.08333333333333333,0.05936695495616756,0.9698623845906349,0.18798103757788026,0.9011209477212921,0.2648621228542452,0.8574018177877598,0.4952645764845836,0.7104473404239166,0.6444294951323982,0.5962973292474164,0.7259754604763455,0.060982323808090474,0.0009794762346297015,2.633784464933553e-05,0.8727055120475653
13,k,256,1536,256,1280,float64,0.028939708686999664,0.0010197557568968384,4.160368426954698e-05,0.1627524888594136,0.02018615514381433,3.3166044196724463e-15,0.9999969714236647,0.9999971945865808,0.999982511010644,0.9999824616486116,0.9999829096004651,0.9999829835966924,0.9999847156211407,0.9999847588196662,0.9999095766760999,0.99990978650349,True,0.33857866407208925,0.6614213359279488,1.0000000000000382,0.047280336678001605,0.010416666666666666,0.15341765782183525,0.041666666666666664,0.2406419794677544,0.08333333333333333,0.0837601866084012,0.9572041649468512,0.3254766240844053,0.8212937208548441,0.44460748669197137,0.7452466124096295,0.7445895269349688,0.5053815123894335,0.9024145911131862,0.31238663365581726,0.7315648396809896,0.0248573632666436,0.000875905129750766,2.586028121304426e-05,0.8589361950906597
13,v,256,1536,256,1280,float64,0.031512523219855655,0.0013365058576295047,4.146187151314374e-05,0.12874788070553073,0.06126720532134132,3.3882640101303707e-15,0.9999792542667996,0.9999808457218556,0.9999498184584183,0.9999500689052614,0.9999553161466763,0.9999557205608186,0.9999488868956271,0.9999491809633421,0.999922559929009,0.9999232072282551,True,0.2510021465328402,0.7489978534672018,1.000000000000042,0.03357180416480117,0.010416666666666666,0.09251989171136349,0.041666666666666664,0.1528207567400664,0.08333333333333333,0.1917360246744408,0.8990350245266083,0.34489611953839155,0.8093848778310653,0.43501041820225983,0.7516578888016411,0.7035153748296045,0.5445040175888471,0.8709220620188792,0.359274182180018,0.6934712727864584,0.02881940322828444,0.0012222855326202357,3.6547304440840126e-05,0.914538103699855
14,q,1536,1536,1536,0,float64,0.06977818215742315,0.001190412105621998,3.210227792863615e-05,0.20598213763945245,0.028166455661036215,5.412965983391328e-15,0.9999974835812175,0.9999973421742798,0.999998965175618,0.9999988335580726,0.9999988679010328,0.9999985722803205,0.9999972751792345,0.9999972721161492,0.9999791049766162,0.9999783407530489,True,1.0000000000010896,2.927723883473995e-29,1.0000000000010896,0.032429994029253346,0.010416666666666666,0.10254930153614453,0.041666666666666664,0.1671528433311799,0.08333333333333333,0.06365829900093446,0.9676475086512989,0.17169990031519683,0.9101099382408716,0.23922837593340224,0.8722222331875047,0.44554986651437706,0.7446140835933892,0.5912638017470775,0.6393247987157408,0.6884269714355469,0.0633011538407456,0.0010799143443126745,2.858271996574789e-05,0.907176883713235
14,k,256,1536,256,1280,float64,0.0292045018893364,0.0011921673179812499,4.249980617336586e-05,0.1942310166540748,0.02861799581539958,3.1440403500695965e-15,0.9999984584188769,0.9999985633378611,0.9999807311639198,0.9999806696671025,0.9999945390849979,0.9999949018007052,0.9999950906528023,0.9999954017873326,0.9999253534415408,0.999926919575259,True,0.2902806286247719,0.7097193713752794,1.0000000000000513,0.033853479936047606,0.010416666666666666,0.11708816914717876,0.041666666666666664,0.1935727902647491,0.08333333333333333,0.06622970192010418,0.966317907357561,0.2762636639144012,0.8507269456679968,0.3806942176466138,0.7869598352860114,0.6751201376968088,0.569982335079949,0.8617060842735835,0.3718788992755793,0.664947509765625,0.026767171558523938,0.001092672193067648,3.4318985198091686e-05,0.916542650169205
14,v,256,1536,256,1280,float64,0.033751451002675875,0.0014521504134051115,4.3034300922957696e-05,0.14351347564119127,0.05011234799816738,3.2723410465607168e-15,0.9999870226551296,0.9999878180547546,0.9999869196198776,0.9999873535977305,0.9999653206395906,0.9999656594633943,0.999855459868956,0.9998554647742747,0.9999056896557681,0.9999052696619157,True,0.2049423855345384,0.7950576144655397,1.0000000000000782,0.015067896929280823,0.010416666666666666,0.05306578331742027,0.041666666666666664,0.10112386824269046,0.08333333333333333,0.23868211278918172,0.8725353214688895,0.4454327120989684,0.7446927473133007,0.5172758992905783,0.6947834919666858,0.7438920856911985,0.5060710565807943,0.8868242168232602,0.33641608638223564,0.6644337972005209,0.03172140211667325,0.0013648079068916113,3.501571806038394e-05,0.9398529892583972
15,q,1536,1536,1536,0,float64,0.06840816726529406,0.0012342637031992373,3.423854725500601e-05,0.22244997654732768,0.027292735718711346,5.40252631358064e-15,0.9999980860363228,0.9999977434152547,0.9999967265321111,0.999996680658452,0.9999974814271939,0.9999974247355078,0.9999937532476122,0.999993449092025,0.9997603897088011,0.9997600505885105,True,1.0000000000010032,2.934741865651966e-29,1.0000000000010032,0.051465231685046284,0.010416666666666666,0.11576601923210467,0.041666666666666664,0.1786752493411354,0.08333333333333333,0.04135084423652388,0.9791063046286016,0.15810601228202767,0.9175478122245032,0.2311482791508883,0.8768419018552385,0.4681347665755613,0.7292909113820346,0.6252544469261465,0.6121646453968519,0.6914227803548177,0.06172649744475466,0.0011137087626718726,2.9804208558218274e-05,0.902326431365612
15,k,256,1536,256,1280,float64,0.029208538388596366,0.0012445837425443926,4.06624239928607e-05,0.19568940339323845,0.0248353203377635,3.351097166672388e-15,0.9999943159713401,0.9999946476387717,0.9999941650363646,0.9999943320668797,0.9999910391618273,0.9999912608206112,0.9999881307117893,0.9999884534743622,0.9999634797119172,0.9999642950224832,True,0.2652411578677049,0.7347588421323348,1.0000000000000397,0.03450010263123149,0.010416666666666666,0.10506842024039167,0.041666666666666664,0.17075252162760746,0.08333333333333333,0.07015564839422798,0.9642843727893614,0.29229201727001686,0.8412538158784084,0.3996973355488706,0.7747920136727852,0.7148889851486255,0.5339578774129795,0.8877278264920977,0.33507040082332296,0.6846033732096354,0.02657828873216204,0.0011325080913194342,3.219511400055915e-05,0.9099492887510855
15,v,256,1536,256,1280,float64,0.032808394190786475,0.0012519298727766807,4.359358227294268e-05,0.12182642721344514,0.05950947180069388,3.1843467770713404e-15,0.9999216615050341,0.9999218229951415,0.9999141053669317,0.9999149246095081,0.9999559273945696,0.9999563637155724,0.9998690601107165,0.9998694499033631,0.9999672376908912,0.9999678476753686,True,0.26168618182380954,0.7383138181762443,1.0000000000000537,0.01582473399797836,0.010416666666666666,0.0635978338516482,0.041666666666666664,0.13542214002569644,0.08333333333333333,0.1562466155225909,0.9185604958179995,0.3300690825170188,0.8184930772358318,0.4213936641711265,0.7606617749229112,0.6912554352930087,0.5556478783429226,0.8621173775309597,0.3713254939659278,0.7026799519856771,0.029645218866082332,0.0011312268094448188,3.3103929529521474e-05,0.9035864021167958
16,q,1536,1536,1536,0,float64,0.07046271922792495,0.0012359622860531414,3.167983126456769e-05,0.2144438404430843,0.029978309234862745,5.442706792114163e-15,0.9999958386122912,0.9999957327195819,0.9999956345110175,0.9999946988112458,0.9999238038969231,0.9999237974824007,0.9999967062057867,0.9999944755694646,0.9999926499258001,0.9999918805501186,True,1.0000000000010987,2.95949201696657e-29,1.0000000000010987,0.04463949420244748,0.010416666666666666,0.12303356017174955,0.041666666666666664,0.1828971629345451,0.08333333333333333,0.06514170969282786,0.9668807011762993,0.18283673366538228,0.90397083267914,0.2572727176187653,0.8618162695036772,0.4812121315964414,0.7202693026941789,0.6282025033063102,0.6097519960555191,0.6981044345431857,0.06385856231108668,0.0011201210444742296,2.839862493830321e-05,0.9062744527999852
16,k,256,1536,256,1280,float64,0.028999301781737888,0.001277638613317107,4.375774630750665e-05,0.2263066669437748,0.03752197254035738,3.131041996162946e-15,0.9999862485443474,0.9999863256711738,0.9999305728015171,0.9999298381829349,0.999991252514105,0.9999915320738684,0.9999933825688979,0.9999939191400743,0.9999800242607518,0.9999809866498955,True,0.27376085719287824,0.7262391428071713,1.0000000000000495,0.04289033595302219,0.010416666666666666,0.12314315994985406,0.041666666666666664,0.18660609064554684,0.08333333333333333,0.06255279620913011,0.9682185723228355,0.25091651483528316,0.8654960919407533,0.35743983036140814,0.8015985090047211,0.667672354746415,0.5764786598423094,0.8566838197491347,0.37857123537171355,0.6520436604817709,0.026827895473453725,0.0011819717394887421,3.244833024879912e-05,0.9251221176072731
16,v,256,1536,256,1280,float64,0.03380150126543423,0.0013115821330461407,4.1745717610337406e-05,0.12343981462489348,0.035228959802952875,3.383045557834888e-15,0.9999433621759161,0.9999433769746677,0.9999854631851967,0.9999860995934781,0.9999553773196218,0.9999555666686353,0.9892541193901917,0.9892545844304071,0.9999168908158305,0.999917627061839,True,0.23325371229620073,0.7667462877038547,1.0000000000000555,0.021960833869367355,0.010416666666666666,0.07197531167919038,0.041666666666666664,0.1319871546466643,0.08333333333333333,0.1873642826922775,0.9014630981397533,0.41323416928872575,0.7660064168864867,0.5105545620775405,0.6996037720899306,0.7590921009383335,0.4908236944786453,0.8968415026502489,0.3211829655348352,0.7038981119791666,0.030770863216503953,0.0011939858557242346,3.414044350635766e-05,0.9103401347433808
17,q,1536,1536,1536,0,float64,0.0709067429748271,0.0012615449607256213,3.2382927073159935e-05,0.20884614207471863,0.028141128206772635,5.5083875556657544e-15,0.9999981426962286,0.9999971767387915,0.9999873106115853,0.9999871682082381,0.9999625598239017,0.9999623410229826,0.9999537725178805,0.9999535613946311,0.9999891949481107,0.999988992951316,True,1.0000000000011426,3.000643855451008e-29,1.0000000000011426,0.043627337492850485,0.010416666666666666,0.10545004246309825,0.041666666666666664,0.16567323247200116,0.08333333333333333,0.05342590169221836,0.9729203966963492,0.17563776879176127,0.907943958186979,0.25512389604558355,0.86306205104524,0.4819828362886394,0.719734092364229,0.6284558233627842,0.6095442368173255,0.6889796786838107,0.06476881629175772,0.0011523413765322469,2.921503849331679e-05,0.9134366292180642
17,k,256,1536,256,1280,float64,0.03016475457386004,0.001429208632814505,4.70609792325917e-05,0.21210575114441316,0.023465899997548473,3.2797199776631486e-15,0.9999925805639983,0.9999929438063297,0.9999481400924254,0.9999488168731957,0.9999860583064969,0.9999862935204253,0.9999625695609016,0.9999627905486485,0.9999501523391223,0.9999512083771164,True,0.2717088051101201,0.7282911948899324,1.0000000000000524,0.032356564717859373,0.010416666666666666,0.10366204304743105,0.041666666666666664,0.17438223912996337,0.08333333333333333,0.07468250857583228,0.9619342448546926,0.32811551729250815,0.8196855999146818,0.44160495719770276,0.7472583507745478,0.7307400071735581,0.5189026814600614,0.8910913642346342,0.3300130842335888,0.64849853515625,0.028521997034963966,0.0013513746411451027,3.757750820238298e-05,0.9455404971098408
17,v,256,1536,256,1280,float64,0.03915788952815806,0.001427762686169212,3.979592443362014e-05,0.10770209953315905,0.05140416759041064,3.272252997636595e-15,0.999975840135257,0.9999856665282245,0.9999679630931835,0.9999721281762105,0.9998649551273874,0.9998704279004322,0.9999417535858737,0.9999603115385325,0.9996108569766267,0.9996129348281402,True,0.19135978007785853,0.8086402199222117,1.0000000000000702,0.012665741168927788,0.010416666666666666,0.044220109377015766,0.041666666666666664,0.08627936360758616,0.08333333333333333,0.35877414558728415,0.800765792484117,0.5807955199028907,0.6474600220068489,0.6492240175022828,0.5922634401157286,0.8232723984831588,0.4203898209006032,0.924707656308108,0.27439450375671154,0.6779352823893229,0.03663992222038669,0.0013359533519494825,3.497868248213394e-05,0.9356970628879087
18,q,1536,1536,1536,0,float64,0.07125137445929107,0.0012368195521046377,3.622093334263795e-05,0.19249679405411413,0.0304258692660667,5.469235760148551e-15,0.9999975881703803,0.9999958288779219,0.9999941854696252,0.9999937955516573,0.9999868701669956,0.9999862403388645,0.9999819592475757,0.9999815790618627,0.9999864673835203,0.999986506826898,True,1.0000000000011005,2.925523958170206e-29,1.0000000000011005,0.06102634446154159,0.010416666666666666,0.12635488502015818,0.041666666666666664,0.1837494842961252,0.08333333333333333,0.08185255227865383,0.9582001083914289,0.21173489678044796,0.8878429496366753,0.2884166730475611,0.8435539857960717,0.5155040160318719,0.696057457375559,0.6586577845810349,0.5842449960581307,0.689172108968099,0.06472347372182341,0.0011235047518278907,3.02007601632383e-05,0.9083821078960754
18,k,256,1536,256,1280,float64,0.029407452208808613,0.0012401020868560552,4.604000223942917e-05,0.1947153317327059,0.02820328242014846,3.4102400255911167e-15,0.9998191563055823,0.9998193119363445,0.9999793502714543,0.9999798966550488,0.9999790150852489,0.9999793066890712,0.9999798528962164,0.9999801500212377,0.9999592227922794,0.9999599259929051,True,0.2927037972811402,0.7072962027189049,1.000000000000045,0.03933549982225946,0.010416666666666666,0.12027545034461637,0.041666666666666664,0.19440151341002887,0.08333333333333333,0.08183623371980911,0.9582086235680572,0.3104307781427628,0.8304030478371555,0.4223031985076975,0.760063682524236,0.7202811965665777,0.5288844896888377,0.8874355685619808,0.3355062315934224,0.6865895589192709,0.026727925403951927,0.001127107368412062,3.35362213449056e-05,0.9088827285740153
18,v,256,1536,256,1280,float64,0.03333701832154265,0.0012429137310138387,3.8552144368814103e-05,0.12082220554572928,0.052542268567032854,3.343067712682668e-15,0.9999710534369775,0.9999714172489748,0.9998288733114393,0.9998299955525928,0.9999115179201014,0.9999114485212903,0.9999103237480693,0.9999111000656653,0.9701601388484148,0.9701554033029297,True,0.22485387477408472,0.7751461252259727,1.0000000000000575,0.016897259855347235,0.010416666666666666,0.06334595327130127,0.041666666666666664,0.12248759582268148,0.08333333333333333,0.23709609102812446,0.8734437068133674,0.4008640493558706,0.7740387268374428,0.4837339286964417,0.7185165769163285,0.7273206996290926,0.522187035812751,0.8789279872930414,0.34795403821044896,0.7192815144856771,0.029845059485962607,0.0011127220161155434,2.9048972294842126e-05,0.8952528146968828
19,q,1536,1536,1536,0,float64,0.07147656555023263,0.001299615983465521,3.384452231971655e-05,0.2427746405202609,0.029649163320542057,5.419793773023403e-15,0.9999969541924625,0.9999939392706071,0.9999955408635065,0.9999931938246279,0.999991344101842,0.9999915463708503,0.9999913989738222,0.9999914549376179,0.9999785651909523,0.9999789839588894,True,1.0000000000011706,2.951409272028474e-29,1.0000000000011706,0.06053240432033134,0.010416666666666666,0.12398067415311798,0.041666666666666664,0.18063633088236436,0.08333333333333333,0.0842856807478841,0.9569296312959046,0.20316252613288313,0.892657534481795,0.27387021876939643,0.8521324904207113,0.4789299465782615,0.7218518223442665,0.6189660025715756,0.6172795132097163,0.6788673400878906,0.065834501600219,0.0011970296821690613,3.05749007758614e-05,0.9210641430994825
19,k,256,1536,256,1280,float64,0.0296713787471354,0.0014732967620448058,5.0230942901716136e-05,0.2347192309998852,0.030850705320808476,3.4169982549656996e-15,0.9999880715361759,0.99998819916973,0.9999959869632762,0.9999962133404291,0.9998980973924018,0.9998989883377578,0.999935553433764,0.9999361024814865,0.999889892781777,0.9998910060635682,True,0.259576861007326,0.7404231389927207,1.0000000000000466,0.029289992166321555,0.010416666666666666,0.09666618643278341,0.041666666666666664,0.16559341486623608,0.08333333333333333,0.12483643959923946,0.935501769319952,0.34539446294091003,0.809076966091045,0.4428159649966772,0.7464476103540842,0.7204791912370868,0.5286972751612337,0.8858395140077463,0.3378764359825256,0.6210835774739584,0.028421218761978173,0.0014112215658138943,4.1550834999003386e-05,0.9578664680259281
19,v,256,1536,256,1280,float64,0.03588203883783695,0.0012765013639969717,3.797589013205811e-05,0.11294850642890032,0.05119359606996588,3.28757344263681e-15,0.9978248553046032,0.9978252303925043,0.9999879083149448,0.9999898394994525,0.9999811228258977,0.9999825265304503,0.9999019881008698,0.9999030792346336,0.9997997111875928,0.99979974084862,True,0.18083042399050986,0.819169576009586,1.000000000000096,0.009461491720970081,0.010416666666666666,0.040106053574694295,0.041666666666666664,0.08600806140452373,0.08333333333333333,0.309451342682604,0.8309925735633238,0.504954404781752,0.7035947663380164,0.5779482797423742,0.6496550779125996,0.7783299802814414,0.4708184572832278,0.901075690710469,0.31452235101742926,0.6906356811523438,0.033206220233559645,0.001181309278797881,3.0185792773461485e-05,0.9254273533237553
20,q,1536,1536,1536,0,float64,0.06917297375063733,0.0012299623427396913,3.1815902810415835e-05,0.21807509411751336,0.026549659338686225,5.500090635290015e-15,0.9999955656113758,0.9999952923855556,0.9999958571042264,0.9999958849946193,0.9999937437008847,0.9999932345885376,0.9999921133930303,0.9999921176663336,0.999981466306961,0.9999818016345051,True,1.000000000001139,2.9334253295764515e-29,1.000000000001139,0.03276963723633784,0.010416666666666666,0.10014797317255997,0.041666666666666664,0.15543057133845198,0.08333333333333333,0.05013598093251227,0.9746096752379836,0.15075358027620145,0.9215456688215721,0.21948938180611707,0.883465119964497,0.44102838146057527,0.7476440453447246,0.5946988470944095,0.6366326671681171,0.6835992601182725,0.06319319141996028,0.0011236360322498928,2.7197589590184624e-05,0.9135531985044673
20,k,256,1536,256,1280,float64,0.02955660412513816,0.0015412093649731361,4.3358112775653556e-05,0.23499834051722576,0.027404190912826015,3.183628701942708e-15,0.9999949684037311,0.9999953272661558,0.9999116586172154,0.9999118111101641,0.9999913514289585,0.9999916639131571,0.9999822943245433,0.9999829865210313,0.9999051732524382,0.9999085348194607,True,0.20456679465871214,0.7954332053413472,1.0000000000000593,0.02106797210805722,0.010416666666666666,0.06917085774709775,0.041666666666666664,0.12066894494447243,0.08333333333333333,0.10578621636757697,0.9456287768635337,0.32258226252512484,0.8230539092154748,0.42312190609636435,0.7595249132870071,0.7071646716140196,0.5411426137220948,0.8785087562400736,0.3485559406464425,0.6147944132486979,0.02860408457156962,0.00149154086956465,3.9116271489295085e-05,0.9677730381495886
20,v,256,1536,256,1280,float64,0.0317406413097021,0.0010042321388882296,2.6578748124672426e-05,0.10257950409964259,0.035438936842230186,3.2785501883240105e-15,0.9999644092574113,0.9999641956345968,0.999696334495079,0.9996973846939767,0.9999883643699331,0.9999885887569826,0.9999390844796068,0.9999392827584573,0.9994666199010758,0.999466253391081,True,0.16736299852028907,0.8326370014797575,1.0000000000000466,0.012859223653259297,0.010416666666666666,0.0454573667864752,0.041666666666666664,0.0876443742078601,0.08333333333333333,0.1853801827216784,0.9025629159667051,0.35671837983690446,0.8020483901630222,0.44044273868076034,0.7480356016388789,0.6953228797367282,0.5519756518753991,0.8620525110751867,0.37141282816404353,0.7417348225911459,0.027294766704171552,0.0008635705145442976,2.1339415557586514e-05,0.8599311664137176
21,q,1536,1536,1536,0,float64,0.07460525379045226,0.0013476878512372714,3.7426539730968066e-05,0.21093637178099267,0.026169660630392437,5.4972276233443995e-15,0.9999935462738906,0.999987628349865,0.9999944347196552,0.9999887172400422,0.999948364044828,0.9999490948213412,0.99998760887155,0.9999850102620687,0.9999777277747445,0.9999723464068486,True,1.0000000000015263,3.024385550027787e-29,1.0000000000015263,0.06944746949440242,0.010416666666666666,0.12789367855257988,0.041666666666666664,0.18245980106782317,0.08333333333333333,0.1636136369402222,0.9145416136293514,0.2627749115112094,0.8586181272770745,0.32679696334472386,0.8204895103871079,0.5224832962360122,0.691025834367998,0.6553517526857014,0.5870674980905505,0.6815066867404513,0.06955161926835762,0.0012563977409033552,3.276262564140818e-05,0.9322616804402403
21,k,256,1536,256,1280,float64,0.04175331763882762,0.002113320084459841,7.987473311362042e-05,0.21928969808595605,0.023236005651132707,3.1765216676790607e-15,0.9999213653342773,0.9999341068006681,0.9998161570242339,0.9998211959703026,0.9999183750488542,0.9999229654125724,0.9999172639431039,0.9999477750324944,0.9998899540601619,0.9999645738984726,True,0.21810703957591787,0.7818929604242588,1.0000000000001767,0.031050431608475683,0.010416666666666666,0.08534448619623215,0.041666666666666664,0.13783905363180765,0.08333333333333333,0.46190733325786465,0.7335479989354039,0.6565977881357784,0.5860053002014757,0.7145087430888348,0.5343138187537032,0.8575770085980011,0.3773897075994507,0.9404515784464049,0.24402545267573028,0.6004511515299479,0.04206918207650526,0.002129307380748125,7.234554409043934e-05,1.0075650141243844
21,v,256,1536,256,1280,float64,0.0422925147062664,0.001363392486629981,4.149168169367292e-05,0.10309795187014989,0.04354219479303247,3.3245878383995064e-15,0.9999858794265334,0.9999860357841409,0.9999848964964891,0.9999851565528353,0.9999229282443493,0.9999242137494819,0.9998353669641015,0.9998397772936924,0.9999261239595129,0.9999351189114761,True,0.1859128665966689,0.8140871334034289,1.0000000000000977,0.007468573726212234,0.010416666666666666,0.03379575901559009,0.041666666666666664,0.0782721148167537,0.08333333333333333,0.37272313045648336,0.7920081246701429,0.6569462592237298,0.585707897143508,0.7123132682761679,0.53636436470354,0.8568797520325039,0.37831236824547004,0.9388536831535603,0.24727781308973046,0.6940663655598959,0.03987552439470822,0.0012854754733257895,3.565594826505671e-05,0.9428506361386909
22,q,1536,1536,1536,0,float64,0.0697574118114637,0.0011963151722709522,3.1699098932657445e-05,0.20659245129816037,0.02656208418886946,5.510003354419163e-15,0.9999981215344862,0.9999968205235712,0.9999962994032426,0.999995904738974,0.9999905448813285,0.9999906352983614,0.9999495008318755,0.9999493689580958,0.999974602031544,0.999974623264042,True,1.000000000001097,3.026587369704479e-29,1.000000000001097,0.03888936917168548,0.010416666666666666,0.08657931124403216,0.041666666666666664,0.1394333426616033,0.08333333333333333,0.06632062899514368,0.9662708579921347,0.18129970942307205,0.9048205847442508,0.25071852138534534,0.8656104658647876,0.4706438152323225,0.7275686804471985,0.6209893301171415,0.6156384246315839,0.7014397515190972,0.0624235755993556,0.0010705424507254945,2.7671334648754586e-05,0.894866566553106
22,k,256,1536,256,1280,float64,0.028784739815072947,0.0012894856870752692,4.034676336343468e-05,0.20319930748173612,0.022976938012536113,3.2399584206304097e-15,0.9999942920742954,0.9999946486866875,0.9999880321452784,0.9999882341402748,0.9999956045354941,0.9999962850970882,0.9999599618310303,0.9999608215939031,0.9999230109448694,0.9999242023675212,True,0.2408089118552318,0.7591910881448105,1.0000000000000422,0.02031641540712164,0.010416666666666666,0.08066239765474323,0.041666666666666664,0.14524005284352487,0.08333333333333333,0.08451502829427554,0.9568097886757454,0.3103349812277783,0.8304607268090537,0.40406397629275465,0.7719689266461736,0.6971875652591512,0.5502839582804944,0.8754887009466402,0.35286158625353337,0.6681416829427084,0.026552813622396913,0.0011895008722548456,3.326862960553367e-05,0.9224614776087954
22,v,256,1536,256,1280,float64,0.03476000009707452,0.0011855473668621538,3.302957616116707e-05,0.12388085390154714,0.05306963178269368,3.489659900735432e-15,0.9999616003684727,0.9999619748476756,0.9999368353326056,0.9999369318287593,0.9997383855205718,0.9997384567908163,0.9999105677106506,0.9999119540465402,0.9999112229576926,0.9999147370162937,True,0.17929583253988143,0.8207041674602047,1.0000000000000862,0.01190746931671267,0.010416666666666666,0.04356327508782916,0.041666666666666664,0.08900448956328738,0.08333333333333333,0.30969770174796446,0.8308443285309441,0.47083280638412145,0.7274387902881442,0.5436678411755683,0.6755236182580382,0.7655017590825389,0.48425018422036875,0.90095040447648,0.31472145704339893,0.6842269897460938,0.03193326526595021,0.0010891368942931674,2.876374369616366e-05,0.918678514866799
23,q,1536,1536,1536,0,float64,0.07055908638355693,0.0012805792017134459,3.420940678528901e-05,0.23807438561657135,0.03291666957974135,5.365391096745846e-15,0.9999971801425627,0.9999962704633163,0.9999912233526286,0.9999896944619544,0.9999955056100637,0.9999937616656039,0.9999914581515278,0.9999902894716344,0.9999569013667932,0.9999565197603161,True,1.0000000000011102,2.9681306989830054e-29,1.0000000000011102,0.038774228071632846,0.010416666666666666,0.09497022414098674,0.041666666666666664,0.15011670437871472,0.08333333333333333,0.1095233484872958,0.9436507041870441,0.2007896685329607,0.8939856438819582,0.2608159273864124,0.8597581477448106,0.4600557162654635,0.7348090117401505,0.6034412879053335,0.6297290783302503,0.67296388414171,0.06481473293512445,0.0011763247402346503,3.0433327950691897e-05,0.9185880409901234
23,k,256,1536,256,1280,float64,0.030107664239426183,0.0016137089834876524,4.9062726763829895e-05,0.2553279590587669,0.04726889273900721,3.0555910041555234e-15,0.9999961041413297,0.9999958273904856,0.9999979836818166,0.9999976691426304,0.9999913959675213,0.9999918154249902,0.9999861885826373,0.9999868430725946,0.9999730763804373,0.9999768837552006,True,0.2247150776822765,0.7752849223177672,1.0000000000000437,0.03053772402243418,0.010416666666666666,0.08038438350086866,0.041666666666666664,0.1369558401037707,0.08333333333333333,0.1730773071834008,0.9093528978436255,0.3475150383623083,0.8077654125039594,0.4391151671641129,0.7489224478114453,0.7070463720487968,0.5412519080346998,0.8747794111634358,0.3538652128092901,0.6017176310221354,0.02928307796316877,0.001569512852194454,4.289745931089278e-05,0.9726120807745156
23,v,256,1536,256,1280,float64,0.038573425944442984,0.0012491156609813862,4.718942483181843e-05,0.10646108421698992,0.043113869900156095,3.1792400586153574e-15,0.9999934720930868,0.9999936125166398,0.9999922309861319,0.9999926675209223,0.9999473768700676,0.9999484464501442,0.999914427154255,0.9999148710215708,0.9998980967857352,0.9999034318471967,True,0.18430536453206384,0.8156946354680206,1.0000000000000844,0.010471920140686448,0.010416666666666666,0.04250854337894405,0.041666666666666664,0.09263105287604981,0.08333333333333333,0.4015362580474396,0.7736043833591951,0.5862120260194351,0.6432635338495141,0.6484244745106285,0.5929380452369131,0.818403728744113,0.4261411400649871,0.9210331015665195,0.28101049523724286,0.6546223958333334,0.03625245732825835,0.001173956191057762,3.73232672754559e-05,0.9398298554158113
24,q,1536,1536,1536,0,float64,0.06996799267980762,0.0012693687349892846,3.316918037303045e-05,0.20881856653704942,0.034704351823155254,5.481701807879415e-15,0.9999946772594752,0.9999952333891537,0.9999955043922903,0.9999957825603707,0.999994873783646,0.9999945866333673,0.9999764392824586,0.9999764569360098,0.9999213078202767,0.999921489342225,True,1.000000000001297,3.0652191803227286e-29,1.000000000001297,0.016847415306893414,0.010416666666666666,0.0649292221596369,0.041666666666666664,0.11732894770418195,0.08333333333333333,0.06897557719519512,0.9648960683953505,0.17983670303995136,0.9056286749877395,0.2493757599724622,0.8663857339704629,0.4632322548612098,0.7326443510590867,0.6110143314526152,0.623687155990393,0.6873601277669271,0.06355778073091167,0.0011530738075383859,2.9147866658494533e-05,0.908383652247524
24,k,256,1536,256,1280,float64,0.029108829230882913,0.0014905767465263928,3.997450981779581e-05,0.22009334298792924,0.039309661059671465,3.42700788770312e-15,0.999996828788105,0.9999973196652292,0.9999893961025464,0.9999895326006024,0.9999882552585827,0.9999884137576484,0.9999505533607823,0.9999516658809833,0.9999736079602087,0.9999755519986372,True,0.2067475835429097,0.7932524164571438,1.0000000000000535,0.019577693757920588,0.010416666666666666,0.06257565998963675,0.041666666666666664,0.11802749393784387,0.08333333333333333,0.11431611011306847,0.9411077992913094,0.30664488047242366,0.8326794818701709,0.4078400465761418,0.7695193002283037,0.696920811719188,0.5505262830063721,0.8734000130091947,0.35580891921199126,0.6323827107747396,0.027715895662209954,0.0014192487528633183,3.753197668607397e-05,0.9521473860173281
24,v,256,1536,256,1280,float64,0.03922219207192417,0.0011687897024230578,3.1385745641581206e-05,0.09948985243240177,0.04048061244246949,3.338266246568456e-15,0.9999875294351722,0.99998784400973,0.999974475423484,0.9999745367471371,0.9999604474629941,0.9999638174218182,0.9999621001430786,0.9999618898789464,0.9999404289636945,0.9999554175693021,True,0.17018213770835114,0.829817862291727,1.0000000000000782,0.010750416177565583,0.010416666666666666,0.04244265505044753,0.041666666666666664,0.08136540770005152,0.08333333333333333,0.3901430944341152,0.7809333553933299,0.5777937616056437,0.6497739902414965,0.6436230593588891,0.5969731490118386,0.8176407414259235,0.42703543011567147,0.9199667626649594,0.28290146223560003,0.6871007283528646,0.036390425813229266,0.0010844053509119949,2.7680147449790248e-05,0.9278019379054052
25,q,1536,1536,1536,0,float64,0.07070422866877146,0.0012170814780870863,3.238808916250961e-05,0.19676084015420586,0.03255203649944436,5.5391147544852755e-15,0.9999970943835529,0.99999709222161,0.999998123548472,0.9999979775294459,0.9999893110076293,0.9999887836725208,0.9999558497486835,0.9999569983829532,0.9998031136023854,0.9998034621698094,True,1.000000000001209,2.9882536184157125e-29,1.000000000001209,0.020531093884789218,0.010416666666666666,0.07962530164219875,0.041666666666666664,0.1355563730544001,0.08333333333333333,0.08811693684341139,0.9549256846250334,0.21802491258551293,0.8842935527382788,0.2933414371051131,0.840629860815619,0.5069290911154786,0.702190080309115,0.6471852480125498,0.593982114198273,0.6905102199978299,0.06347969659895734,0.001092720540480245,2.803412837546802e-05,0.8978203679491515
25,k,256,1536,256,1280,float64,0.02976223148420094,0.0016576127444030062,4.847814537651564e-05,0.22520780403637417,0.035923442878180306,3.146035191249244e-15,0.9999960043414329,0.9999969087295907,0.9999966691922593,0.9999968539181776,0.999995102594669,0.9999971184549427,0.9999885649979603,0.9999895269824504,0.9998993844000708,0.9999003586325893,True,0.19533117494955982,0.8046688250504883,1.0000000000000482,0.015777110765206045,0.010416666666666666,0.06166157667837176,0.041666666666666664,0.11039364112871414,0.08333333333333333,0.07168110037691879,0.9634930719123419,0.3419868050673015,0.8111801248383114,0.45699375612256166,0.7368895737337029,0.7317068701094925,0.5179702017399336,0.8884522510247452,0.3339876479381457,0.6146647135416666,0.028906711953053988,0.001609964432861996,4.563103672258725e-05,0.9712548593138556
25,v,256,1536,256,1280,float64,0.05119687654918684,0.0016647048417208568,4.92593164434175e-05,0.10299503517267128,0.04095990366919836,3.2006848359059067e-15,0.999983965196133,0.9999844530190004,0.9999794098081527,0.9999812690212377,0.9999227207309673,0.9999257423264712,0.9998141988565699,0.9998099093863894,0.9998698075834745,0.9998701742483284,True,0.22022459407198006,0.7797754059280911,1.0000000000000713,0.03595516715373018,0.010416666666666666,0.07592526706636007,0.041666666666666664,0.11821656758988096,0.08333333333333333,0.5582063240421411,0.6646756170929237,0.7717940344723749,0.47770908043245847,0.8208805495297214,0.4232250588874418,0.9202401428972725,0.282417876740704,0.9687017002533835,0.17691325486411827,0.6277999877929688,0.050589032292557186,0.001644940329796942,4.4358984860704326e-05,0.9881273175709133
26,q,1536,1536,1536,0,float64,0.06922523095978289,0.0012534907247606498,3.3623856787433014e-05,0.20079301959967044,0.03211588866447773,5.379322673973704e-15,0.9999983678234674,0.9999980827694114,0.9999982759990109,0.9999984172038162,0.9999985369973241,0.9999982869137628,0.9999957806529071,0.9999954754056036,0.9999746799236395,0.9999746705935615,True,1.0000000000010714,2.994172075870089e-29,1.0000000000010714,0.02398902681052219,0.010416666666666666,0.06989238752149489,0.041666666666666664,0.12372889472387064,0.08333333333333333,0.07905233725952357,0.9596601808663713,0.20781989849466848,0.8900449997080662,0.2730264577789853,0.8526274345932194,0.47518220333114153,0.724443094154992,0.6187045157305923,0.6174912827477063,0.680472903781467,0.06297472142430402,0.0011403100878870428,2.9774333680040226e-05,0.9097076391249577
26,k,256,1536,256,1280,float64,0.028098151058747613,0.001430294923016553,4.925937872535831e-05,0.21843156859239457,0.031165687372447976,3.169589689079605e-15,0.9999441940738988,0.9999448200989866,0.9999908660511331,0.9999912802617661,0.9999897663407916,0.999990243050608,0.9999883734564075,0.9999892093417339,0.9999763372944649,0.9999785673397963,True,0.21566168524306553,0.7843383147569879,1.0000000000000535,0.016791656067285138,0.010416666666666666,0.07392257077198847,0.041666666666666664,0.12849697460881523,0.08333333333333333,0.0647385021735639,0.9670891881447315,0.2755566826346982,0.8511423602226021,0.3845595326851565,0.7845001385053054,0.7026214469004955,0.5453242641763747,0.882182969698129,0.34324485473473737,0.6385879516601562,0.0265646054557176,0.0013522320467211635,3.922537788447536e-05,0.9454218322115332
26,v,256,1536,256,1280,float64,0.05461595078115897,0.0013790069277504918,4.353831540986178e-05,0.09075131766843679,0.038904113521129116,3.3211371900209138e-15,0.9999961125292312,0.9999983700244494,0.9999911261767186,0.9999945257687135,0.99995907878755,0.9999647387802603,0.9997546992582793,0.9997533572328254,0.9993723716703552,0.999351932505658,True,0.20562082894877062,0.7943791710512945,1.000000000000065,0.011630231349535149,0.010416666666666666,0.04666367232707583,0.041666666666666664,0.09284697394069569,0.08333333333333333,0.6803931196574216,0.5653378461969254,0.8055690043119358,0.44094330212405336,0.8414224252569932,0.3982179990193899,0.9250350811775353,0.2737972220868296,0.9684031265992439,0.17775509388131785,0.6808446248372396,0.05199322238608147,0.0013127852365652222,3.87511693429539e-05,0.9519787102931426
27,q,1536,1536,1536,0,float64,0.07266536737485678,0.0013318250497637919,3.5323085110060154e-05,0.19328184831129666,0.032006186982242786,5.4650771130895175e-15,0.9999992756902178,0.9999990503819979,0.9999969872786688,0.9999969264337988,0.9999952169681542,0.9999952946522775,0.9999875148961686,0.9999874327568807,0.9995194381844835,0.999519411110014,True,1.0000000000010962,3.0312426099835315e-29,1.0000000000010962,0.01595406685948881,0.010416666666666666,0.06316330916590283,0.041666666666666664,0.12188357605255262,0.08333333333333333,0.13451424801104142,0.9303148671223945,0.2736069378451268,0.8522869599817149,0.33758968985285326,0.8138859319014838,0.5244273901474509,0.6896177273334475,0.6532111514962625,0.5888878063805851,0.6657481723361545,0.06714738944755577,0.0012306904722736351,3.146246453926424e-05,0.9240631661732945
27,k,256,1536,256,1280,float64,0.03114107965055402,0.001796986336291842,5.781679667477682e-05,0.23427700805855925,0.02893679719910686,3.101452568947091e-15,0.9999966750802237,0.999997119333611,0.9999881358164197,0.9999884883501594,0.9999849277729977,0.9999851128046385,0.9999830245064387,0.9999829638739692,0.999229725940345,0.9992314888687742,True,0.20973051786364733,0.790269482136423,1.0000000000000704,0.01941755226300318,0.010416666666666666,0.07427344265597334,0.041666666666666664,0.12561931637100193,0.08333333333333333,0.13888001861228438,0.9279655065721547,0.39267896562269944,0.7793080484489433,0.48838167914240477,0.7152749966674323,0.7382290138575283,0.5116355989788746,0.8877345400463132,0.3350603825487083,0.5853118896484375,0.03069357211169054,0.0017711630526501345,5.155937860676365e-05,0.985629671678531
27,v,256,1536,256,1280,float64,0.08192671027978288,0.00222566407613181,0.0002188818456342862,0.08954551973468099,0.03723144274796125,3.2914928344410416e-15,0.999943001660638,0.9999641547103777,0.9999526119933512,0.9999579973107464,0.9999366174608605,0.9999399190259362,0.9998699313200757,0.9998672215763793,0.9998296523648966,0.9998455083175123,True,0.28668472986934257,0.7133152701307669,1.0000000000001095,0.11684859989178273,0.010416666666666666,0.1605213113467739,0.041666666666666664,0.19477314194019155,0.08333333333333333,0.8067492535154006,0.4396029418516207,0.9194593555053605,0.283796836653687,0.9362035154122555,0.25257965988524184,0.970087310929751,0.17295285215991385,0.9873513968865666,0.11246600870233374,0.5729242960611979,0.08314456306862777,0.0022587489051563428,0.00020887974387489623,1.014865149408366
